{"count":1,"self":72.7443584,"total":92.171233199999989,"children":{"InitializeActuators":{"count":10,"self":0.0035026999999999997,"total":0.0035026999999999997,"children":null},"InitializeSensors":{"count":10,"self":0.0025028999999999997,"total":0.0025028999999999997,"children":null},"AgentSendState":{"count":16184,"self":0.0820144,"total":0.4874803,"children":{"CollectObservations":{"count":16190,"self":0.0326162,"total":0.0326162,"children":null},"WriteActionMask":{"count":16190,"self":0.0030553999999999998,"total":0.0030553999999999998,"children":null},"RequestDecision":{"count":16190,"self":0.054806799999999996,"total":0.36979429999999996,"children":{"AgentInfo.ToProto":{"count":16190,"self":0.0386057,"total":0.3149875,"children":{"GenerateSensorData":{"count":16190,"self":0.2763818,"total":0.2763818,"children":null}}}}}}},"DecideAction":{"count":16184,"self":18.689014399999998,"total":18.6890143,"children":null},"AgentAct":{"count":16184,"self":0.2228008,"total":0.2228008,"children":null},"AgentInfo.ToProto":{"count":1229,"self":0.0040056,"total":0.020590499999999998,"children":{"GenerateSensorData":{"count":1229,"self":0.0165849,"total":0.0165849,"children":null}}}},"gauges":{"Car Behavior.CumulativeReward":{"count":1229,"max":1,"min":0.4820785,"runningAverage":0.988468051,"value":1,"weightedAverage":0.996177137}},"metadata":{"timer_format_version":"0.1.0","start_time_seconds":"1714842072","unity_version":"2021.3.16f1","command_line_arguments":"D:\\Program Files\\Unity Hub\\Editor\\2021.3.16f1\\Editor\\Unity.exe -projectpath D:\\Unity\\car-driving -useHub -hubIPC -cloudEnvironment production -licensingIpc LicenseClient-Кек -hubSessionId 1039f210-0a27-11ef-a7fa-ff5e70215a5a -accessToken yajcY7PIqk1-yuQhPxT6irePT44TS9Amr9wCMzD6rkI009f","communication_protocol_version":"1.5.0","com.unity.ml-agents_version":"2.0.1","scene_name":"SampleScene","end_time_seconds":"1714842164"}}