{"count":1,"self":98.5265792,"total":117.26456499999999,"children":{"InitializeActuators":{"count":13,"self":0.001023,"total":0.001023,"children":null},"InitializeSensors":{"count":13,"self":0.0030350999999999998,"total":0.0030350999999999998,"children":null},"AgentSendState":{"count":15751,"self":0.086808,"total":0.3482167,"children":{"CollectObservations":{"count":20488,"self":0.0140618,"total":0.0140618,"children":null},"WriteActionMask":{"count":20488,"self":0.0065432999999999993,"total":0.0065432999999999993,"children":null},"RequestDecision":{"count":20488,"self":0.0518709,"total":0.24080359999999998,"children":{"AgentInfo.ToProto":{"count":20488,"self":0.0358264,"total":0.18893269999999998,"children":{"GenerateSensorData":{"count":20488,"self":0.1531063,"total":0.1531063,"children":null}}}}}}},"DecideAction":{"count":15751,"self":18.142502399999998,"total":18.142501799999998,"children":null},"AgentAct":{"count":15751,"self":0.2235752,"total":0.2235752,"children":null},"AgentInfo.ToProto":{"count":1088,"self":0.0070602,"total":0.019635,"children":{"GenerateSensorData":{"count":1088,"self":0.012574799999999999,"total":0.012574799999999999,"children":null}}}},"gauges":{"Car Behavior.CumulativeReward":{"count":1088,"max":1,"min":-4.69506073,"runningAverage":0.972350359,"value":0.9879115,"weightedAverage":0.993121862}},"metadata":{"timer_format_version":"0.1.0","start_time_seconds":"1698790144","unity_version":"2021.3.16f1","command_line_arguments":"D:\\Program Files\\Unity Hub\\Editor\\2021.3.16f1\\Editor\\Unity.exe -projectpath D:\\Unity\\car-driving -useHub -hubIPC -cloudEnvironment production -licensingIpc LicenseClient-Кек -hubSessionId f5cc99d0-781f-11ee-a232-9be215c245fb -accessToken SZyjrDVZhw5w5LYzHyf_mv0wxFrsGfQoy-58JFs9JSA009f","communication_protocol_version":"1.5.0","com.unity.ml-agents_version":"2.0.1","scene_name":"SampleScene","end_time_seconds":"1698790261"}}