{"count":1,"self":31.346611199999998,"total":38.839737899999996,"children":{"InitializeActuators":{"count":3,"self":0,"total":0,"children":null},"InitializeSensors":{"count":3,"self":0.0035209,"total":0.0035209,"children":null},"AgentSendState":{"count":12017,"self":0.0325251,"total":0.11100049999999999,"children":{"CollectObservations":{"count":3606,"self":0.0040276999999999995,"total":0.0040276999999999995,"children":null},"WriteActionMask":{"count":3606,"self":0.0035169999999999997,"total":0.0035169999999999997,"children":null},"RequestDecision":{"count":3606,"self":0.0171546,"total":0.0709307,"children":{"AgentInfo.ToProto":{"count":3606,"self":0.0085683,"total":0.0537761,"children":{"GenerateSensorData":{"count":3606,"self":0.0452078,"total":0.0452078,"children":null}}}}}}},"DecideAction":{"count":12017,"self":7.3353784,"total":7.3353782999999995,"children":null},"AgentAct":{"count":12017,"self":0.0387259,"total":0.0387259,"children":null},"AgentInfo.ToProto":{"count":75,"self":0,"total":0.0015080999999999998,"children":{"GenerateSensorData":{"count":75,"self":0.0015080999999999998,"total":0.0015080999999999998,"children":null}}}},"gauges":{"Car Behavior.CumulativeReward":{"count":75,"max":0.993390441,"min":-0.0445114635,"runningAverage":0.934927642,"value":0.8889721,"weightedAverage":0.9430432}},"metadata":{"timer_format_version":"0.1.0","start_time_seconds":"1707471698","unity_version":"2021.3.16f1","command_line_arguments":"D:\\Program Files\\Unity Hub\\Editor\\2021.3.16f1\\Editor\\Unity.exe -projectpath D:\\Unity\\car-driving -useHub -hubIPC -cloudEnvironment production -licensingIpc LicenseClient-Кек -hubSessionId 8ffc4270-c727-11ee-bf31-e779a5d20320 -accessToken M431871mO33iWHiqrSHCHjsVNDD-DRuVBKebwFPR0AE009f","communication_protocol_version":"1.5.0","com.unity.ml-agents_version":"2.0.1","scene_name":"SampleScene","end_time_seconds":"1707471737"}}