{"count":1,"self":104.3604032,"total":104.8670128,"children":{"InitializeActuators":{"count":1,"self":0.00091349999999999992,"total":0.00091349999999999992,"children":null},"InitializeSensors":{"count":1,"self":0.0025594,"total":0.0025594,"children":null},"AgentSendState":{"count":4816,"self":0.0227139,"total":0.0403563,"children":{"CollectObservations":{"count":482,"self":0.0030185,"total":0.0030185,"children":null},"WriteActionMask":{"count":482,"self":0.00096099999999999994,"total":0.00096099999999999994,"children":null},"RequestDecision":{"count":482,"self":0.013662899999999999,"total":0.013662899999999999,"children":null}}},"DecideAction":{"count":4816,"self":0.4444515,"total":0.4444515,"children":null},"AgentAct":{"count":4816,"self":0.018326699999999998,"total":0.018326699999999998,"children":null}},"gauges":{"Car Behavior.CumulativeReward":{"count":3,"max":1.90918136,"min":-0.5258739,"runningAverage":0.73529774,"value":-0.5258739,"weightedAverage":0.6892077}},"metadata":{"timer_format_version":"0.1.0","start_time_seconds":"1719915995","unity_version":"2022.3.32f1","command_line_arguments":"D:\\Program Files\\Unity Hub\\Editor\\2022.3.32f1\\Editor\\Unity.exe -projectpath D:\\Unity\\car-driving -useHub -hubIPC -cloudEnvironment production -licensingIpc LicenseClient-Кек -hubSessionId 6c3d5cf9-3049-4d37-8855-fafcca4bed87 -accessToken XyMsDCom8CoiCzWYaeh2rSuydq6dXkJ6JYy82QabMQ0009f","communication_protocol_version":"1.5.0","com.unity.ml-agents_version":"2.0.1","scene_name":"SampleScene","end_time_seconds":"1719916100"}}